title,company,category,description
Investment Banker,MediCare,Commerce,"Investment Banker at MediCare, focusing on commerce industry advancements."
Pharmacist,TechCorp,Healthcare,"Pharmacist at TechCorp, focusing on healthcare industry advancements."
Psychologist,DataMinds,Healthcare,"Psychologist at DataMinds, focusing on healthcare industry advancements."
Public Relations Manager,TechCorp,Media & Communication,"Public Relations Manager at TechCorp, focusing on media & communication industry advancements."
Lecturer,FinanceHub,Education,"Lecturer at FinanceHub, focusing on education industry advancements."
Cloud Architect,BioGenix,IT & Data Science,"Cloud Architect at BioGenix, focusing on it & data science industry advancements."
Legal Advisor,DataMinds,Legal,"Legal Advisor at DataMinds, focusing on legal industry advancements."
Supply Chain Analyst,DataMinds,Commerce,"Supply Chain Analyst at DataMinds, focusing on commerce industry advancements."
Advertising Manager,BioGenix,Media & Communication,"Advertising Manager at BioGenix, focusing on media & communication industry advancements."
Physical Therapist,LegalEagle,Healthcare,"Physical Therapist at LegalEagle, focusing on healthcare industry advancements."
Judge,LegalEagle,Legal,"Judge at LegalEagle, focusing on legal industry advancements."
3D Artist,CreativeArts,Arts & Design,"3D Artist at CreativeArts, focusing on arts & design industry advancements."
Contract Analyst,BioGenix,Legal,"Contract Analyst at BioGenix, focusing on legal industry advancements."
Biomedical Engineer,DataMinds,Biomedical,"Biomedical Engineer at DataMinds, focusing on biomedical industry advancements."
Graphic Designer,CreativeArts,Arts & Design,"Graphic Designer at CreativeArts, focusing on arts & design industry advancements."
Medical Device Designer,TechCorp,Biomedical,"Medical Device Designer at TechCorp, focusing on biomedical industry advancements."
Cybersecurity Analyst,BioGenix,IT & Data Science,"Cybersecurity Analyst at BioGenix, focusing on it & data science industry advancements."
Marketing Manager,FinanceHub,Commerce,"Marketing Manager at FinanceHub, focusing on commerce industry advancements."
UX Designer,BioGenix,Arts & Design,"UX Designer at BioGenix, focusing on arts & design industry advancements."
Doctor,FinanceHub,Healthcare,"Doctor at FinanceHub, focusing on healthcare industry advancements."
School Principal,CreativeArts,Education,"School Principal at CreativeArts, focusing on education industry advancements."
Illustrator,MediCare,Arts & Design,"Illustrator at MediCare, focusing on arts & design industry advancements."
Journalist,LegalEagle,Media & Communication,"Journalist at LegalEagle, focusing on media & communication industry advancements."
Genetic Researcher,DataMinds,Biomedical,"Genetic Researcher at DataMinds, focusing on biomedical industry advancements."
Clinical Data Analyst,MediCare,Biomedical,"Clinical Data Analyst at MediCare, focusing on biomedical industry advancements."
Content Strategist,DataMinds,Media & Communication,"Content Strategist at DataMinds, focusing on media & communication industry advancements."
Online Course Developer,BioGenix,Education,"Online Course Developer at BioGenix, focusing on education industry advancements."
Pharmaceutical Scientist,FinanceHub,Biomedical,"Pharmaceutical Scientist at FinanceHub, focusing on biomedical industry advancements."
Radio Host,BioGenix,Media & Communication,"Radio Host at BioGenix, focusing on media & communication industry advancements."
Interior Designer,CreativeArts,Arts & Design,"Interior Designer at CreativeArts, focusing on arts & design industry advancements."
Blockchain Developer,BioGenix,IT & Data Science,"Blockchain Developer at BioGenix, focusing on it & data science industry advancements."
AI Researcher,FinanceHub,IT & Data Science,"AI Researcher at FinanceHub, focusing on it & data science industry advancements."
Electrical Engineer,LegalEagle,Engineering,"Electrical Engineer at LegalEagle, focusing on engineering industry advancements."
Machine Learning Engineer,LegalEagle,IT & Data Science,"Machine Learning Engineer at LegalEagle, focusing on it & data science industry advancements."
Network Engineer,DataMinds,IT & Data Science,"Network Engineer at DataMinds, focusing on it & data science industry advancements."
Neuroscientist,FinanceHub,Biomedical,"Neuroscientist at FinanceHub, focusing on biomedical industry advancements."
Business Consultant,CreativeArts,Commerce,"Business Consultant at CreativeArts, focusing on commerce industry advancements."
Digital Marketer,LegalEagle,Media & Communication,"Digital Marketer at LegalEagle, focusing on media & communication industry advancements."
Special Education Teacher,CreativeArts,Education,"Special Education Teacher at CreativeArts, focusing on education industry advancements."
Aerospace Engineer,MediCare,Engineering,"Aerospace Engineer at MediCare, focusing on engineering industry advancements."
TV Producer,EduWorld,Media & Communication,"TV Producer at EduWorld, focusing on media & communication industry advancements."
Curriculum Designer,MediCare,Education,"Curriculum Designer at MediCare, focusing on education industry advancements."
Professor,MediCare,Education,"Professor at MediCare, focusing on education industry advancements."
Robotics Engineer,DataMinds,Engineering,"Robotics Engineer at DataMinds, focusing on engineering industry advancements."
HR Manager,DataMinds,Commerce,"HR Manager at DataMinds, focusing on commerce industry advancements."
Photographer,LegalEagle,Arts & Design,"Photographer at LegalEagle, focusing on arts & design industry advancements."
Nurse,CreativeArts,Healthcare,"Nurse at CreativeArts, focusing on healthcare industry advancements."
Corporate Lawyer,MediCare,Legal,"Corporate Lawyer at MediCare, focusing on legal industry advancements."
Mechanical Engineer,EduWorld,Engineering,"Mechanical Engineer at EduWorld, focusing on engineering industry advancements."
Bioinformatics Specialist,LegalEagle,Biomedical,"Bioinformatics Specialist at LegalEagle, focusing on biomedical industry advancements."
Animator,CreativeArts,Arts & Design,"Animator at CreativeArts, focusing on arts & design industry advancements."
Civil Engineer,TechCorp,Engineering,"Civil Engineer at TechCorp, focusing on engineering industry advancements."
Paralegal,TechCorp,Legal,"Paralegal at TechCorp, focusing on legal industry advancements."
Software Engineer,CreativeArts,Engineering,"Software Engineer at CreativeArts, focusing on engineering industry advancements."
Librarian,LegalEagle,Education,"Librarian at LegalEagle, focusing on education industry advancements."
Criminal Lawyer,FinanceHub,Legal,"Criminal Lawyer at FinanceHub, focusing on legal industry advancements."
Chemical Engineer,FinanceHub,Engineering,"Chemical Engineer at FinanceHub, focusing on engineering industry advancements."
Radiologist,LegalEagle,Healthcare,"Radiologist at LegalEagle, focusing on healthcare industry advancements."
Software Architect,MediCare,IT & Data Science,"Software Architect at MediCare, focusing on it & data science industry advancements."
News Editor,FinanceHub,Media & Communication,"News Editor at FinanceHub, focusing on media & communication industry advancements."
Educational Consultant,MediCare,Education,"Educational Consultant at MediCare, focusing on education industry advancements."
Data Scientist,DataMinds,IT & Data Science,"Data Scientist at DataMinds, focusing on it & data science industry advancements."
Fashion Designer,LegalEagle,Arts & Design,"Fashion Designer at LegalEagle, focusing on arts & design industry advancements."
Medical Researcher,FinanceHub,Healthcare,"Medical Researcher at FinanceHub, focusing on healthcare industry advancements."
Healthcare Administrator,FinanceHub,Healthcare,"Healthcare Administrator at FinanceHub, focusing on healthcare industry advancements."
Financial Analyst,MediCare,Commerce,"Financial Analyst at MediCare, focusing on commerce industry advancements."
Accountant,BioGenix,Commerce,"Accountant at BioGenix, focusing on commerce industry advancements."
Industrial Engineer,TechCorp,Engineering,"Industrial Engineer at TechCorp, focusing on engineering industry advancements."
Intellectual Property Lawyer,DataMinds,Legal,"Intellectual Property Lawyer at DataMinds, focusing on legal industry advancements."
Retail Manager,BioGenix,Commerce,"Retail Manager at BioGenix, focusing on commerce industry advancements."
Tissue Engineer,FinanceHub,Biomedical,"Tissue Engineer at FinanceHub, focusing on biomedical industry advancements."
Patent Attorney,EduWorld,Legal,"Patent Attorney at EduWorld, focusing on legal industry advancements."
